alegra_id,codigo,referencia,nombre,precio_actual_shopify,precio_mayoristas_con_iva,precio_general_con_iva,diferencia_vs_mayorista,situacion,otras_listas_con_iva
648,6971626273298,6971626273298,Contorno Facial En Barra Tono #02 Avellana Tostada Alma Beauty,17143,204000,408001.02,-186857,POR DEBAJO del mayorista (-186857),Lista Subdistribuidor PC=0; Lista Caribe Supermercados=0; clientespremium=7947.5
660,6971626273335,6971626273335,Cera Moldeadora Y Fijadora Para El Cabello Y Cejas Pink Alma Beauty,8572,192000,191999.99,-183428,POR DEBAJO del mayorista (-183428),Lista Subdistribuidor PC=0; Lista Caribe Supermercados=0; clientespremium=7479.99
107,7707197602743,7707197602743,Set X3 Borlas Alma Beauty,4143,73600.31,92001.28,-69457.31,POR DEBAJO del mayorista (-69457.31),Lista Subdistribuidor PC=73600.31; Lista Caribe Supermercados=78751.82
1757,7704577003374,7704577003374,Pack Pestañinas Surtidas X16Unds Vogue,222498.47,261762.91,261762.91,-39264.44,POR DEBAJO del mayorista (-39264.44),clientespremium=261762.91
1047,7897042016419,7897042016419,Cepillo Facial Pantera Celeste,2517,27500,39285.71,-24983,POR DEBAJO del mayorista (-24983),Lista Subdistribuidor PC=24750; clientespremium=26675; Lista Supermercados=31428.57
1301,6971626276206,6971626276206,Depilador Cejas,4176,26000,26000,-21824,POR DEBAJO del mayorista (-21824),clientespremium=26000; Lista el SI=26000
1011,7509552932430,7509552932430,DoyPack Onduladas HD 100G Ponto,4550,23090,17874.73,-18540,POR DEBAJO del mayorista (-18540),clientespremium=22512.75; Lista el SI=17874.73
1570,7501438311872,7501438311872,Pestañas Inspiradora Pantera Celeste,3325.9,20378.36,29111.95,-17052.46,POR DEBAJO del mayorista (-17052.46),Lista Subdistribuidor PC=18340.53; Lista Caribe Supermercados=21397.28; clientespremium=19767.01
208,7709990871043,7709990871043,Pestañas Valiente Pantera Celeste,5000,20825,0,-15825,POR DEBAJO del mayorista (-15825),Lista Caribe Supermercados=22282.75
1481,7900083011869,7900083011869,Lápiz Delineador Goji Berry ATENEA,8587,21193.33,21193.33,-12606.33,POR DEBAJO del mayorista (-12606.33),clientespremium=21193.33
1881,MINTAFFY,MINTAFFY,Pestañas Salsera Pantera Celeste,5000,15946.67,24900,-10946.67,POR DEBAJO del mayorista (-10946.67),Lista Subdistribuidor PC=14352; Lista Caribe Supermercados=16744; clientespremium=15468.27
2542,11405,11405,DoyPack Afro HD 100G Ponto,4550,15333.34,19166.68,-10783.34,POR DEBAJO del mayorista (-10783.34),clientespremium=14873.34; Lista Subdistribuidor PC=13800.01; Lista Caribe Supermercados=16100.01
726,3600542081160,3600542081160,Agua Micelar Todo en 1 100ml Garnier,12,10480,15647.29,-10468,POR DEBAJO del mayorista (-10468),Lista Caribe Supermercados=10613.88; clientespremium=10217.99; Lista el SI=10613.88; Lista Supermercados=10613.88
1300,6971626275650,6971626275650,Cushion Foundation #1 True Lover,15983.63,26000,26000,-10016.37,POR DEBAJO del mayorista (-10016.37),clientespremium=26000; Lista el SI=26000
1746,6971626277302,6971626277302,Pinzas Para Cabello 3 Piezas Pantera Celeste,3108,12299.99,12299.99,-9191.99,POR DEBAJO del mayorista (-9191.99),clientespremium=12299.99
1287,7702045087895,7702045087895,Pestañas Enamorada Pantera Celeste,3325.9,11826.77,16895.38,-8500.87,POR DEBAJO del mayorista (-8500.87),Lista Subdistribuidor PC=10644.09; Lista Caribe Supermercados=12418.11; clientespremium=11471.97
662,6971626276121,6971626276121,Cortauñas Ergonómico V9,2334,10500,10500,-8166,POR DEBAJO del mayorista (-8166),clientespremium=10500; Lista el SI=10500
345,,,Aro de Luz,35294,41999.86,41999.86,-6705.86,POR DEBAJO del mayorista (-6705.86),Lista Subdistribuidor PC=42001.05; Lista Caribe Supermercados=44940.35
427,7509552789065,7509552789065,Cepillo Para Uñas Con Piedra Pomes 2 En 1 Importados,2948,9520,12205.13,-6572,POR DEBAJO del mayorista (-6572),Lista Subdistribuidor PC=8512; clientespremium=9044; Lista Supermercados=9520
153,7707197601876,7707197601876,Pestañas Soñadora Pantera Celeste,5000,11089.61,14000.35,-6089.61,POR DEBAJO del mayorista (-6089.61),Lista Caribe Supermercados=11865.49
1417,7702186023134,7702186023134,Aceite Capilar De Argán Color 1 Sachet,2593,8100,8100,-5507,POR DEBAJO del mayorista (-5507),clientespremium=8100
1013,7509552788211,7509552788211,Pestañas Rumbera Pantera Celeste,3325.9,8718.32,11177.33,-5392.42,POR DEBAJO del mayorista (-5392.42),Lista Subdistribuidor PC=7795.2; clientespremium=8282.4; Lista Supermercados=8718.32
1152,6971626273984,6971626273984,Pinzas Brillantes Para Cabello Pantera Celeste,3108,8000,8000,-4892,POR DEBAJO del mayorista (-4892),clientespremium=8000; Lista el SI=8000
1152,6971626273984,6971626273984,Pinzas Brillantes Para Cabello Pantera Celeste,3108,8000,8000,-4892,POR DEBAJO del mayorista (-4892),clientespremium=8000; Lista el SI=8000
495,7509552840650,7509552840650,Labial Liquido Resist Natural Vogue,16070.51,20792.12,26656.56,-4721.61,POR DEBAJO del mayorista (-4721.61),Lista Subdistribuidor PC=18590.6; clientespremium=19752.51; Lista Supermercados=20792.12
1726,BC-2403/06,BC-2403/06,Lip Gloss Boom Lips Tono 1 Miis Cosmetics,10986,15499.75,29900,-4513.75,POR DEBAJO del mayorista (-4513.75),Lista Subdistribuidor PC=11922.88; clientespremium=15499.75
519,7509552844016,7509552844016,Corrector 02 Elaya,11734,15989.84,20499.8,-4255.84,POR DEBAJO del mayorista (-4255.84),Lista Subdistribuidor PC=14296.8; clientespremium=15190.35; Lista Supermercados=15989.84
226,7707197602774,7707197602774,Estrella Pinza Para Cabello Pantera Celeste,3108,7259,0,-4151,POR DEBAJO del mayorista (-4151),Lista Caribe Supermercados=7767.13
1151,6971626275780,6971626275780,Brillo Magigo Kiss Glam Alma Beauty,4572,8000,8000,-3428,POR DEBAJO del mayorista (-3428),clientespremium=8000; Lista el SI=8000
591,7509552787047,7509552787047,Colorissimo Extra Brillo Playa Vogue,8806.45,11993.95,15376.86,-3187.5,POR DEBAJO del mayorista (-3187.5),Lista Subdistribuidor PC=10724; clientespremium=11394.25; Lista Supermercados=11993.95
479,7509552786217,7509552786217,Espejo Importados,8598,11591.54,14860.95,-2993.54,POR DEBAJO del mayorista (-2993.54),Lista Subdistribuidor PC=10364.2; clientespremium=11011.96; Lista Supermercados=11591.54
399,7509552825268,7509552825268,Lip Gloss Boom Lips Tono 3 Miis Cosmetics,10986,13953.51,18359.89,-2967.51,POR DEBAJO del mayorista (-2967.51),Lista Subdistribuidor PC=12804.4; clientespremium=13604.68; Lista Supermercados=14320.71
1129,6971626278781,6971626278781,Espejo De Mano 18 Cm Importados,5651,8600,8600,-2949,POR DEBAJO del mayorista (-2949),clientespremium=8600; Lista el SI=8600
1749,6971626275995-1,6971626275995-1,Kit X2 Pulpo Facial + Beauty Blender Alma Beauty,5000,7700,7700,-2700,POR DEBAJO del mayorista (-2700),clientespremium=7700
1267,5012583105091,5012583105091,Laca Fijadora Glued 300ml Got2B,49147,51707.82,73868.31,-2560.82,POR DEBAJO del mayorista (-2560.82),Lista Subdistribuidor PC=46537.04; Lista Caribe Supermercados=54293.21; clientespremium=50156.58
1633,RUBY-12,RUBY-12,Encrespador De Pestañas Metalizado Pantera Celeste,4113.61,6400,9142.77,-2286.39,POR DEBAJO del mayorista (-2286.39),Lista Subdistribuidor PC=4342.01; Lista Caribe Supermercados=6400; clientespremium=6400; Lista el SI=6400; Lista Supermercados=6400; Lista Cañaveral=9029.72
1150,6971626273977,6971626273977,Slim Liquid Eyeliner #3 Grayish Brown True Lover,6086.75,8000,8000,-1913.25,POR DEBAJO del mayorista (-1913.25),clientespremium=8000; Lista el SI=8000
951,6971626276947,6971626276947,Estuche De Bolsillo Maquillaje,5897,7600,7600,-1703,POR DEBAJO del mayorista (-1703),clientespremium=7600; Lista el SI=7600
1168,6971626273489,6971626273489,Brocha Pink Brush Difuminadora De Ojos Alma Beauty,5000,6600,6600,-1600,POR DEBAJO del mayorista (-1600),clientespremium=6600; Lista el SI=6600
1205,7899706187732,7899706187732,Miel Dúo Labios Elaya,10668,11991,12500.95,-1323,POR DEBAJO del mayorista (-1323),Lista Caribe Supermercados=12067.83; clientespremium=11691.23; Lista el SI=12067.83; Lista Supermercados=12067.83
1015,7509552924169,7509552924169,Esmalte Efecto Gel Vibra Latina Vogue,7846,8718.32,11177.33,-872.32,POR DEBAJO del mayorista (-872.32),Lista Subdistribuidor PC=7795.2; clientespremium=8282.4; Lista Supermercados=8718.32
1012,7509552788181,7509552788181,Esmalte Efecto Gel Alma Vogue,7846,8718.32,11177.33,-872.32,POR DEBAJO del mayorista (-872.32),Lista Subdistribuidor PC=7795.2; clientespremium=8282.4; Lista Supermercados=8718.32
1012,7509552788181,7509552788181,Esmalte Efecto Gel Alma Vogue,7846,8718.32,11177.33,-872.32,POR DEBAJO del mayorista (-872.32),Lista Subdistribuidor PC=7795.2; clientespremium=8282.4; Lista Supermercados=8718.32
1235,7509552845532,7509552845532,Esmalte Efecto Gel Infinita Vogue,7846,8718.32,11177.33,-872.32,POR DEBAJO del mayorista (-872.32),Lista Subdistribuidor PC=7795.2; clientespremium=8282.4; Lista Supermercados=8718.32
1236,7509552807523,7509552807523,Esmalte Efecto Gel Valiente Vogue,7846,8718.32,11177.33,-872.32,POR DEBAJO del mayorista (-872.32),Lista Subdistribuidor PC=7795.2; clientespremium=8282.4; Lista Supermercados=8718.32
1021,7509552845099,7509552845099,Esmalte Efecto Gel Eterna Vogue,7846,8718.32,11177.33,-872.32,POR DEBAJO del mayorista (-872.32),Lista Subdistribuidor PC=7795.2; clientespremium=8282.4; Lista Supermercados=8718.32
452,7509552807509,7509552807509,Esmalte Efecto Gel Alegre Vogue,7846,8718.32,11177.33,-872.32,POR DEBAJO del mayorista (-872.32),Lista Subdistribuidor PC=7795.2; clientespremium=8282.4; Lista Supermercados=8718.32
1239,7509552958294,7509552958294,Esmalte Efecto Gel Crew Vogue,7846,8718.32,11177.33,-872.32,POR DEBAJO del mayorista (-872.32),Lista Subdistribuidor PC=7795.2; clientespremium=8282.4; Lista Supermercados=8718.32
1244,7509552958348,7509552958348,Esmalte Efecto Gel Artista Vogue,7846,8718.32,11177.33,-872.32,POR DEBAJO del mayorista (-872.32),Lista Subdistribuidor PC=7795.2; clientespremium=8282.4; Lista Supermercados=8718.32
1023,7509552883510,7509552883510,Esmalte Efecto Gel Agua Vogue,7846,8718.32,11177.33,-872.32,POR DEBAJO del mayorista (-872.32),Lista Subdistribuidor PC=7795.2; clientespremium=8282.4; Lista Supermercados=8718.32
1019,7509552845136,7509552845136,Esmalte Efecto Gel Hechizo Vogue,7846,8718.32,11177.33,-872.32,POR DEBAJO del mayorista (-872.32),Lista Subdistribuidor PC=7795.2; clientespremium=8282.4; Lista Supermercados=8718.32
1017,7702433330732,7702433330732,Esmalte Efecto Gel Paz Vogue,7846,8718.32,11177.33,-872.32,POR DEBAJO del mayorista (-872.32),Lista Subdistribuidor PC=7795.2; clientespremium=8282.4; Lista Supermercados=8718.32
412,7702433330572,7702433330572,Esmalte Efecto Gel Energia Vogue,7846,8718.32,11177.33,-872.32,POR DEBAJO del mayorista (-872.32),Lista Subdistribuidor PC=7795.2; clientespremium=8282.4; Lista Supermercados=8718.32
1238,7509552958287,7509552958287,Esmalte Efecto Gel Barrio Vogue,7846,8718.32,11177.33,-872.32,POR DEBAJO del mayorista (-872.32),Lista Subdistribuidor PC=7795.2; clientespremium=8282.4; Lista Supermercados=8718.32
1236,7509552807523,7509552807523,Esmalte Efecto Gel Valiente Vogue,7846,8718.32,11177.33,-872.32,POR DEBAJO del mayorista (-872.32),Lista Subdistribuidor PC=7795.2; clientespremium=8282.4; Lista Supermercados=8718.32
454,7509552807493,7509552807493,Esmalte Efecto Gel Elegante Vogue,7846,8718.32,11177.33,-872.32,POR DEBAJO del mayorista (-872.32),Lista Subdistribuidor PC=7795.2; clientespremium=8282.4; Lista Supermercados=8718.32
1018,7509552845150,7509552845150,Esmalte Efecto Gel Natural Vogue,7846,8718.32,11177.33,-872.32,POR DEBAJO del mayorista (-872.32),Lista Subdistribuidor PC=7795.2; clientespremium=8282.4; Lista Supermercados=8718.32
1021,7509552845099,7509552845099,Esmalte Efecto Gel Eterna Vogue,7846,8718.32,11177.33,-872.32,POR DEBAJO del mayorista (-872.32),Lista Subdistribuidor PC=7795.2; clientespremium=8282.4; Lista Supermercados=8718.32
423,7509552787009,7509552787009,Esmalte Efecto Gel Guayaquil Vogue,7846,8718.32,11177.33,-872.32,POR DEBAJO del mayorista (-872.32),Lista Subdistribuidor PC=7795.2; clientespremium=8282.4; Lista Supermercados=8718.32
1015,7509552924169,7509552924169,Esmalte Efecto Gel Vibra Latina Vogue,7846,8718.32,11177.33,-872.32,POR DEBAJO del mayorista (-872.32),Lista Subdistribuidor PC=7795.2; clientespremium=8282.4; Lista Supermercados=8718.32
1235,7509552845532,7509552845532,Esmalte Efecto Gel Infinita Vogue,7846,8718.32,11177.33,-872.32,POR DEBAJO del mayorista (-872.32),Lista Subdistribuidor PC=7795.2; clientespremium=8282.4; Lista Supermercados=8718.32
413,7702433330596,7702433330596,Esmalte Efecto Gel Voluntad Vogue,7846,8718.32,11177.33,-872.32,POR DEBAJO del mayorista (-872.32),Lista Subdistribuidor PC=7795.2; clientespremium=8282.4; Lista Supermercados=8718.32
1237,7509552958270,7509552958270,Esmalte Efecto Gel Grafiti Vogue,7846,8718.32,11177.33,-872.32,POR DEBAJO del mayorista (-872.32),Lista Subdistribuidor PC=7795.2; clientespremium=8282.4; Lista Supermercados=8718.32
452,7509552807509,7509552807509,Esmalte Efecto Gel Alegre Vogue,7846,8718.32,11177.33,-872.32,POR DEBAJO del mayorista (-872.32),Lista Subdistribuidor PC=7795.2; clientespremium=8282.4; Lista Supermercados=8718.32
1519,7707559884848,7707559884848,Corrector Bonita 01 Bone Ani-K,15900,16666.67,23809.52,-766.67,POR DEBAJO del mayorista (-766.67),Lista Subdistribuidor PC=15000; Lista Caribe Supermercados=17500; clientespremium=16166.67
1521,7707559882783,7707559882783,Corrector Bonita 05 Golden Brown Ani-K,15900,16666.67,23809.52,-766.67,POR DEBAJO del mayorista (-766.67),Lista Subdistribuidor PC=15000; Lista Caribe Supermercados=17500; clientespremium=16166.67
1519,7707559884848,7707559884848,Corrector Bonita 01 Bone Ani-K,15900,16666.67,23809.52,-766.67,POR DEBAJO del mayorista (-766.67),Lista Subdistribuidor PC=15000; Lista Caribe Supermercados=17500; clientespremium=16166.67
1520,7707559880161,7707559880161,Corrector Bonita 02 Radiant Ani-K,15900,16666.67,23809.52,-766.67,POR DEBAJO del mayorista (-766.67),Lista Subdistribuidor PC=15000; Lista Caribe Supermercados=17500; clientespremium=16166.67
1521,7707559882783,7707559882783,Corrector Bonita 05 Golden Brown Ani-K,15900,16666.67,23809.52,-766.67,POR DEBAJO del mayorista (-766.67),Lista Subdistribuidor PC=15000; Lista Caribe Supermercados=17500; clientespremium=16166.67
1471,6972858367076,6972858367076,Labial Magico Dream Lips Froot Kiss Ruby Rose,10193,10926.68,15609.54,-733.68,POR DEBAJO del mayorista (-733.68),clientespremium=10598.87
1262,7509552976083,7509552976083,Esmalte Secado Rapido Pasion Profunda Vogue,6408,7119.64,9127.75,-711.64,POR DEBAJO del mayorista (-711.64),Lista Subdistribuidor PC=6365.8; clientespremium=6763.66; Lista Supermercados=7119.64
1249,7509552956948,7509552956948,Esmalte Secado Rapido Amorosa Vogue,6408,7119.64,9127.75,-711.64,POR DEBAJO del mayorista (-711.64),Lista Subdistribuidor PC=6365.8; clientespremium=6763.66; Lista Supermercados=7119.64
1699,7509552956962,7509552956962,Esmalte Secado Rapido Rojo Antojo Vogue,6408,7119.64,9127.75,-711.64,POR DEBAJO del mayorista (-711.64),Lista Subdistribuidor PC=6365.8; clientespremium=6763.66; Lista Supermercados=7119.64
1255,7509552975994,7509552975994,Esmalte Secado Rapido Baile Intenso Vogue,6408,7119.64,9127.75,-711.64,POR DEBAJO del mayorista (-711.64),Lista Subdistribuidor PC=6365.8; clientespremium=6763.66; Lista Supermercados=7119.64
1249,7509552956948,7509552956948,Esmalte Secado Rapido Amorosa Vogue,6408,7119.64,9127.75,-711.64,POR DEBAJO del mayorista (-711.64),Lista Subdistribuidor PC=6365.8; clientespremium=6763.66; Lista Supermercados=7119.64
1258,7509552976021,7509552976021,Esmalte Secado Rapido Fuego Puro Vogue,6408,7119.64,9127.75,-711.64,POR DEBAJO del mayorista (-711.64),Lista Subdistribuidor PC=6365.8; clientespremium=6763.66; Lista Supermercados=7119.64
1250,7509552956955,7509552956955,Esmalte Secado Rapido Dulzura Real Vogue,6408,7119.64,9127.75,-711.64,POR DEBAJO del mayorista (-711.64),Lista Subdistribuidor PC=6365.8; clientespremium=6763.66; Lista Supermercados=7119.64
1259,7509552976038,7509552976038,Esmalte Secado Rapido Corazon Fuerte Vogue,6408,7119.64,9127.75,-711.64,POR DEBAJO del mayorista (-711.64),Lista Subdistribuidor PC=6365.8; clientespremium=6763.66; Lista Supermercados=7119.64
1262,7509552976083,7509552976083,Esmalte Secado Rapido Pasion Profunda Vogue,6408,7119.64,9127.75,-711.64,POR DEBAJO del mayorista (-711.64),Lista Subdistribuidor PC=6365.8; clientespremium=6763.66; Lista Supermercados=7119.64
1256,7509552976007,7509552976007,Esmalte Secado Rapido Amor Latino Vogue,6408,7119.64,9127.75,-711.64,POR DEBAJO del mayorista (-711.64),Lista Subdistribuidor PC=6365.8; clientespremium=6763.66; Lista Supermercados=7119.64
1245,7509552956894,7509552956894,Esmalte Secado Rapido Brisa Tropical Vogue,6408,7119.64,9127.75,-711.64,POR DEBAJO del mayorista (-711.64),Lista Subdistribuidor PC=6365.8; clientespremium=6763.66; Lista Supermercados=7119.64
1257,7509552976014,7509552976014,Esmalte Secado Rapido Vino Argentino Vogue,6408,7119.64,9127.75,-711.64,POR DEBAJO del mayorista (-711.64),Lista Subdistribuidor PC=6365.8; clientespremium=6763.66; Lista Supermercados=7119.64
916,7702433289740,7702433289740,Esmalte Fantastic Platino 04 Vogue,4143,4602.86,6056.39,-459.86,POR DEBAJO del mayorista (-459.86),Lista Subdistribuidor PC=4223.8; clientespremium=4487.79; Lista Supermercados=4723.99
934,7702433298445,7702433298445,Esmalte Fantastic Onix 44 Vogue,4143,4602.86,6056.39,-459.86,POR DEBAJO del mayorista (-459.86),Lista Subdistribuidor PC=4223.8; clientespremium=4487.79; Lista Supermercados=4723.99
942,7702433298803,7702433298803,Esmalte Fantastic Caricica 143 Vogue,4143,4602.86,6056.39,-459.86,POR DEBAJO del mayorista (-459.86),Lista Subdistribuidor PC=4223.8; clientespremium=4487.79; Lista Supermercados=4723.99
935,7702433290104,7702433290104,Esmalte Fantastic Amor Amor 60 Vogue,4143,4602.86,6056.39,-459.86,POR DEBAJO del mayorista (-459.86),Lista Subdistribuidor PC=4223.8; clientespremium=4487.79; Lista Supermercados=4723.99
914,7702433298667,7702433298667,Esmalte Fantastic Blanco Armiño 02 Vogue,4143,4602.86,6056.39,-459.86,POR DEBAJO del mayorista (-459.86),Lista Subdistribuidor PC=4223.8; clientespremium=4487.79; Lista Supermercados=4723.99
930,7702433298476,7702433298476,Esmalte Fantastic Campari 36 Vogue,4143,4602.86,6056.39,-459.86,POR DEBAJO del mayorista (-459.86),Lista Subdistribuidor PC=4223.8; clientespremium=4487.79; Lista Supermercados=4723.99
913,7702433289719,7702433289719,Esmalte Fantastic Incoloro 01 Vogue,4143,4602.86,6056.39,-459.86,POR DEBAJO del mayorista (-459.86),Lista Subdistribuidor PC=4223.8; clientespremium=4487.79; Lista Supermercados=4723.99
936,7702433299077,7702433299077,Esmalte Fantastic Rojo Rubi 62 Vogue,4143,4602.86,6056.39,-459.86,POR DEBAJO del mayorista (-459.86),Lista Subdistribuidor PC=4223.8; clientespremium=4487.79; Lista Supermercados=4723.99
941,7702433290364,7702433290364,Esmalte Fantastic Porcelana 109 Vogue,4143,4602.86,6056.39,-459.86,POR DEBAJO del mayorista (-459.86),Lista Subdistribuidor PC=4223.8; clientespremium=4487.79; Lista Supermercados=4723.99
1715,PANTERA-079,PANTERA-079,Bolsa de Cauchos Para El Cabello Surtidos Pantera Celeste,666.4,952,1579.13,-285.6,POR DEBAJO del mayorista (-285.6),Lista Subdistribuidor PC=732.31; clientespremium=952; Lista Cañaveral=1749.3
2034,15191,15191,Pestañina Maxi Volumen Silicon Prosa,13300,13332.76,20000,-32.76,POR DEBAJO del mayorista (-32.76),Lista Subdistribuidor PC=11999.48; Lista Caribe Supermercados=13999.4; clientespremium=12932.78
2321,151551,151551,Pestañina Profesional Silicon Cafe Prosa,13300,13332.76,20000,-32.76,POR DEBAJO del mayorista (-32.76),Lista Subdistribuidor PC=11999.48; Lista Caribe Supermercados=13999.4; clientespremium=12932.78
1751,6971626276633,6971626276633,Set Rulos 6 Unidades,7862,7700,7700,162,POR ENCIMA del general (+162),clientespremium=7700
674,6971626276381,6971626276381,Set De Manicure 10 Piezas,9581,9405,475200.32,176,entre mayorista y general,clientespremium=8934.75; Lista el SI=9405
525,7702433292719,7702433292719,Sombra Tono 1 Raymar,14286,13953.51,18359.89,332.49,entre mayorista y general,Lista Subdistribuidor PC=12804.4; clientespremium=13604.68; Lista Supermercados=14320.71
1125,6971626276459,6971626276459,Set De Manicure 12 Piezas,10073,9500,9500,573,POR ENCIMA del general (+573),clientespremium=9500; Lista el SI=9500
1482,7900083011760,7900083011760,Base Liquida Soft Blend F20 Ruby Rose,22660,21193.33,21193.33,1466.67,POR ENCIMA del general (+1466.67),clientespremium=21193.33
1486,7900083011807,7900083011807,Base Liquida Soft Blend F60 Ruby Rose,22660,21193.33,21193.33,1466.67,POR ENCIMA del general (+1466.67),clientespremium=21193.33
340,7703799235044,7703799235044,Labial Liquido Resist Invencible Vogue,20792,18410.49,25078.27,2381.51,entre mayorista y general,Lista Subdistribuidor PC=0; Lista Caribe Supermercados=0; clientespremium=19318.82
163,7707197601944,7707197601944,Acondicionador GLISS 200ml Oil Nutritive -25,13617,11089.61,14000.35,2527.39,entre mayorista y general,Lista Caribe Supermercados=11865.49
950,6971626277043,6971626277043,Kit De Aplicación De Maquillaje Flor,8845,6000,6000,2845,POR ENCIMA del general (+2845),clientespremium=6000; Lista el SI=6000
1402,7702186020331,7702186020331,Pestañina Profesional Silicon Prosa,13300,9600,9600,3700,POR ENCIMA del general (+3700),clientespremium=9600
1041,7897042013180,7897042013180,Polvo Compacto Spf 25 Canela Ana Maria,24343,20500,29999.9,3843,entre mayorista y general,Lista Subdistribuidor PC=18450; clientespremium=19885; Lista Supermercados=23999.92
2158,7509552839166P,7509552839166P,Brillo Corona Kids Miis Cosmetics,4233,1.19,1.19,4231.81,POR ENCIMA del general (+4231.81),
1282,7702029010192,7702029010192,Polvo Suelto Bronceado Bardot,16080,11826.77,16895.38,4253.23,entre mayorista y general,Lista Subdistribuidor PC=10644.09; Lista Caribe Supermercados=12418.11; clientespremium=11471.97
2728,11325,11325,Set Lápiz De Cejas X 2 Raymar,8572,4285.71,5000,4286.29,POR ENCIMA del general (+3572),clientespremium=4157.14; Lista Subdistribuidor PC=3857.14; Lista Caribe Supermercados=4500
708,62744636459162,62744636459162,Iluminador Holo Shine 03 Melu,16844,12000,12000,4844,POR ENCIMA del general (+4844),clientespremium=12000; Lista el SI=12000
406,7509552835380,7509552835380,Corrector Alta Cobertura Tono 1 Miis Cosmetics,12498,7190.11,9218.08,5307.89,POR ENCIMA del general (+3279.92),Lista Subdistribuidor PC=6428.8; clientespremium=6830.6; Lista Supermercados=7190.11
434,7509552949780,7509552949780,Base Liquida Resist Natural Vogue,33310.48,27991.62,35886.69,5318.86,entre mayorista y general,Lista Subdistribuidor PC=25027.8; clientespremium=26592.04; Lista Supermercados=27991.62
476,7509552949810,7509552949810,Base Liquida Resist Glamour Vogue,33310.48,27991.62,35886.69,5318.86,entre mayorista y general,Lista Subdistribuidor PC=25027.8; clientespremium=26592.04; Lista Supermercados=27991.62
433,7509552949797,7509552949797,Base Liquida Resist Avellana Vogue,33310.48,27991.62,35886.69,5318.86,entre mayorista y general,Lista Subdistribuidor PC=25027.8; clientespremium=26592.04; Lista Supermercados=27991.62
475,7509552949803,7509552949803,Base Liquida Resist Porcelana Vogue,33310.48,27991.62,35886.69,5318.86,entre mayorista y general,Lista Subdistribuidor PC=25027.8; clientespremium=26592.04; Lista Supermercados=27991.62
2463,7708162555033,7708162555033,Perfume Mini x3 Cítricos Click Hair,35108,29520,36900,5588,entre mayorista y general,clientespremium=28634.4; Lista Subdistribuidor PC=26568; Lista Caribe Supermercados=30996
1224,7893694003937,7893694003937,Gel 300ml Ponto,36235.5,30450,43500,5785.5,entre mayorista y general,Lista Subdistribuidor PC=27405; Lista Caribe Supermercados=31972.5; clientespremium=29536.5
1224,7893694003937,7893694003937,Gel 300ml Ponto,36235.5,30450,43500,5785.5,entre mayorista y general,Lista Subdistribuidor PC=27405; Lista Caribe Supermercados=31972.5; clientespremium=29536.5
1178,6971626273687,6971626273687,Contorno Facial En Barra Tono #01 Chocolate Alma Beauty,17143,11000,11000,6143,POR ENCIMA del general (+6143),clientespremium=11000; Lista el SI=11000
817,6971626279399,6971626279399,Espejo De Tocador Redondo Premium Importados,19653,13500,13500,6153,POR ENCIMA del general (+6153),clientespremium=13500; Lista el SI=13500
526,7509552838862,7509552838862,Corrector Alta Cobertura Tono 4 Miis Cosmetics,12498,6140.4,8306.2,6357.6,POR ENCIMA del general (+4191.8),Lista Subdistribuidor PC=0; Lista Caribe Supermercados=0; clientespremium=5907.97
405,7702433292818,7702433292818,Mantequilla Corporal Mini Daiquiri Miis Cosmetics,13607,7190.11,9218.08,6416.89,POR ENCIMA del general (+4388.92),Lista Subdistribuidor PC=6428.8; clientespremium=6830.6; Lista Supermercados=7190.11
1705,6971822831001,6971822831001,Rubor Cremoso Pro Tono 5 Miis Cosmetics,17638,10800,10800,6838,POR ENCIMA del general (+6838),clientespremium=10800; Lista el SI=10800
775,75095528252680,75095528252680,Labial Y Delineador 2 En 1 Tono 1 Raymar,7143,1.19,1.19,7141.81,POR ENCIMA del general (+7141.81),clientespremium=1.19
1207,6971626279931,6971626279931,Cepillo Bambu Desenredante Pantera Celeste,15478,8000,8000,7478,POR ENCIMA del general (+7478),clientespremium=8000; Lista el SI=8000
518,7509552844009,7509552844009,Kit S+A Uva Skala,23500,15989.84,20499.8,7510.16,POR ENCIMA del general (+3000.2),Lista Subdistribuidor PC=14296.8; clientespremium=15190.35; Lista Supermercados=15989.84
890,6971626279269,6971626279269,Espejo De Tocador Rectangular Premium Importados,19653,11999.96,11999.96,7653.04,POR ENCIMA del general (+7653.04),clientespremium=11999.96; Lista el SI=11999.96
672,6971626274950,6971626274950,Fijador De Maquillaje Matte Serenity 50Ml Alma Beauty,15001,7000,7000,8001,POR ENCIMA del general (+8001),clientespremium=7000; Lista el SI=7000
521,7509552827972,7509552827972,Set Para Sujetar El Cabello 5 Piezas,22356,13989.64,15969.8,8366.36,POR ENCIMA del general (+6386.2),clientespremium=14577.98
227,7707197602781,7707197602781,Espejo Rectangular En Madera Importados,16042,7259,0,8783,POR ENCIMA del general (+16042),Lista Caribe Supermercados=7767.13
1014,7509552829655,7509552829655,Rubor Cremoso Pro Tono 4 Miis Cosmetics,17638,8718.32,11177.33,8919.68,POR ENCIMA del general (+6460.67),Lista Subdistribuidor PC=7795.2; clientespremium=8282.4; Lista Supermercados=8718.32
503,7509552844375,7509552844375,Caja de Lapices Delineador Sweet Liner Miis Cosmetics,30235,20792.12,26656.56,9442.88,POR ENCIMA del general (+3578.44),Lista Subdistribuidor PC=18590.6; clientespremium=19752.51; Lista Supermercados=20792.12
459,7703799906524,7703799906524,Labial Liquido Mate #2 Malva Bardot,24180.8,13970.7,19958.14,10210.1,POR ENCIMA del general (+4222.66),Lista Subdistribuidor PC=12573.63; Lista Caribe Supermercados=15367.76; clientespremium=13551.57
1295,7702029282841,7702029282841,Polvo Suelto Celestial Miis Cosmetics,22073,11826.77,16895.38,10246.23,POR ENCIMA del general (+5177.62),Lista Subdistribuidor PC=10644.09; Lista Caribe Supermercados=12418.11; clientespremium=11471.97
2698,35555-1,35555-1,Set Protect Lip Gloss x3 Raymar,17145,5714.29,6666.67,11430.71,POR ENCIMA del general (+10478.33),clientespremium=5542.86; Lista Subdistribuidor PC=5142.86; Lista Caribe Supermercados=6000
840,75095528472771,75095528472771,Kit De Difuminado De Maquillaje Flor,11792,1.19,1.19,11790.81,POR ENCIMA del general (+11790.81),
504,7509552844382,7509552844382,Shampoo De Ají Click Hair,32954,20792.12,26656.56,12161.88,POR ENCIMA del general (+6297.44),Lista Subdistribuidor PC=18590.6; clientespremium=19752.51; Lista Supermercados=20792.12
498,7509552844306,7509552844306,Acondicionador Control Caspa Poción,33520,20792.12,26656.56,12727.88,POR ENCIMA del general (+6863.44),Lista Subdistribuidor PC=18590.6; clientespremium=19752.51; Lista Supermercados=20792.12
2646,15979,15979,Set Voluminizador De Labios x4 Raymar,17144,4285.71,5000,12858.29,POR ENCIMA del general (+12144),clientespremium=4157.14; Lista Subdistribuidor PC=3857.14; Lista Caribe Supermercados=4500
131,7707197602750,7707197602750,Primer Hidratante Pieles Mixtas Mística Alma Beauty,23573,9786.56,12233.2,13786.44,POR ENCIMA del general (+11339.8),Lista Subdistribuidor PC=8896.44; Lista Caribe Supermercados=10472
906,7702433299749,7702433299749,Pestañina Boombastic Waterproof 9G VOGUE,19095,4601.33,6054.39,14493.67,POR ENCIMA del general (+13040.61),Lista Subdistribuidor PC=4222.4; clientespremium=4486.3; Lista Supermercados=4722.42
2590,7799,7799,Set Corrector Líquido A Prueba De Agua X4,20572,5142.86,6000,15429.14,POR ENCIMA del general (+14572),clientespremium=4988.57; Lista Subdistribuidor PC=4628.57; Lista Caribe Supermercados=5400
204,7709990241945,7709990241945,Acondicionador GLISS EXPRESS 200ml UltRepair -25,31639,16065,0,15574,POR ENCIMA del general (+31639),Lista Caribe Supermercados=17189.55
1152,6971626273984,6971626273984,Fijador De Maquillaje 1St Scene Atenea,24097,8000,8000,16097,POR ENCIMA del general (+16097),clientespremium=8000; Lista el SI=8000
1157,6971626275803,6971626275803,Cosmetiquera Summer Bag Alma Beauty,24144,8000,8000,16144,POR ENCIMA del general (+16144),clientespremium=8000; Lista el SI=8000
499,7509552844313,7509552844313,Sport Ultra Acondicionador Poción,37520,20792.12,26656.56,16727.88,POR ENCIMA del general (+10863.44),Lista Subdistribuidor PC=18590.6; clientespremium=19752.51; Lista Supermercados=20792.12
522,7509552827996,7509552827996,Rubor Suelto Pro Miis Cosmetics,30942,13989.64,15969.8,16952.36,POR ENCIMA del general (+14972.2),clientespremium=14577.98
653,6971626272406,6971626272406,Set rubores líquidos X6 Raymar,27432,10000,10000,17432,POR ENCIMA del general (+17432),clientespremium=10000; Lista el SI=10000
976,7509552944365,7509552944365,Paleta De Iluminadores Multicromáticos Aurora Miis Cosmetics,32050,14391.17,18450.22,17658.83,POR ENCIMA del general (+13599.78),Lista Subdistribuidor PC=12867.4; clientespremium=13671.61; Lista Supermercados=14391.17
158,7707197601883,7707197601883,Polvo Matificador en Gel Mattepowder ATENEA,30667,11089.61,14000.35,19577.39,POR ENCIMA del general (+16666.65),Lista Caribe Supermercados=11865.49
1197,7509552934427,7509552934427,Duo De Bronzer En Crema Y Compacto Gobi Atenea,30121,10395.28,13327.28,19725.72,POR ENCIMA del general (+16793.72),Lista Subdistribuidor PC=9294.6; clientespremium=9875.51; Lista Supermercados=10395.28
455,7509552808872,7509552808872,Iluminador Sublime Gleam Atenea,26507,6434.33,9508.1,20072.67,POR ENCIMA del general (+16998.9),Lista Subdistribuidor PC=0; Lista Caribe Supermercados=0; clientespremium=6426.43
2194,7509552844368P,7509552844368P,Tratamiento Cereza Skala,20500,1.19,1.19,20498.81,POR ENCIMA del general (+20498.81),
2035,15167,15167,Base Bonita 05 Eva Ani-K,34267,13332.76,20000,20934.24,POR ENCIMA del general (+14267),Lista Subdistribuidor PC=11999.48; Lista Caribe Supermercados=13999.4; clientespremium=12932.78
624,7702186024629,7702186024629,Shampoo Poción Kids Nutrición Y Protección POCION,29520,7736.62,8831,21783.38,POR ENCIMA del general (+20689),clientespremium=7349.79; Lista el SI=7736.62
2465,7707223668187,7707223668187,Color 1 Tinte Liquido Borgoña 6 Sachets,26672,4841.91,6213.79,21830.09,POR ENCIMA del general (+20458.21),clientespremium=4696.65; Lista Subdistribuidor PC=4357.72; Lista Caribe Supermercados=5084
2468,7707223668187RO,7707223668187RO,Color 1 Tinte Liquido Rojo Shangai 6 Sachets,26672,4841.91,6213.79,21830.09,POR ENCIMA del general (+20458.21),clientespremium=4696.65; Lista Subdistribuidor PC=4357.72; Lista Caribe Supermercados=5084
2469,7707223660631CLAR,7707223660631CLAR,Color 1 Tinte Liquido Castaño Claro 6 Sachets,26672,4502.98,5778.82,22169.02,POR ENCIMA del general (+20893.18),clientespremium=4367.89; Lista Subdistribuidor PC=4052.68; Lista Caribe Supermercados=4728.12
532,7509552844238,7509552844238,Base Resist Glam Glamour Vogue,28562,5905.97,7353.01,22656.03,POR ENCIMA del general (+21208.99),Lista Subdistribuidor PC=0; Lista Caribe Supermercados=0; clientespremium=5979.36
534,7509552844252,7509552844252,Base Resist Glam Canela Vogue,28562,5905.97,7353.01,22656.03,POR ENCIMA del general (+21208.99),Lista Subdistribuidor PC=0; Lista Caribe Supermercados=0; clientespremium=5979.36
533,7509552844245,7509552844245,Base Resist Glam Miel Vogue,28562,5905.97,7353.01,22656.03,POR ENCIMA del general (+21208.99),Lista Subdistribuidor PC=0; Lista Caribe Supermercados=0; clientespremium=5979.36
536,7509552844283,7509552844283,Duo De Bronzer En Crema Y Compacto Sand Storm Atenea,30121,5905.97,7353.01,24215.03,POR ENCIMA del general (+22767.99),Lista Subdistribuidor PC=0; Lista Caribe Supermercados=0; clientespremium=5979.35
2618,35666-1,35666-1,Set Glitter Líquido x6 Raymar,30000,5000,5833.33,25000,POR ENCIMA del general (+24166.67),clientespremium=4850; Lista Subdistribuidor PC=4500; Lista Caribe Supermercados=5250
2709,15966-1,15966-1,Set Rubor Balm Stick x4 Raymar,34288,8571.43,10000,25716.57,POR ENCIMA del general (+24288),clientespremium=8314.29; Lista Subdistribuidor PC=7714.29; Lista Caribe Supermercados=9000
2605,15968-1,15968-1,Set Rubor Líquido x4 Raymar,34288,8571.43,10000,25716.57,POR ENCIMA del general (+24288),clientespremium=8314.29; Lista Subdistribuidor PC=7714.29; Lista Caribe Supermercados=9000
2701,15964-1,15964-1,Set Iluminador Balm Stick x4 Raymar,34288,8571.43,10000,25716.57,POR ENCIMA del general (+24288),clientespremium=8314.29; Lista Subdistribuidor PC=7714.29; Lista Caribe Supermercados=9000
2705,15965-1,15965-1,Set Contorno En Barra Balm Stick x4 Raymar,34288,8571.43,10000,25716.57,POR ENCIMA del general (+24288),clientespremium=8314.29; Lista Subdistribuidor PC=7714.29; Lista Caribe Supermercados=9000
2290,7509552826692P,7509552826692P,Primer Hidratante Pro Miis Cosmetics,26104,1.19,1.19,26102.81,POR ENCIMA del general (+26102.81),
2195,7509552844375P,7509552844375P,Óleo Uva Skala,27201,1.19,1.19,27199.81,POR ENCIMA del general (+27199.81),
2056,7509552934397P,7509552934397P,Perfume Mini x3 Mix Click Hair,35108,1.19,1.19,35106.81,POR ENCIMA del general (+35106.81),
1641,7709650422806,7709650422806,Base Liquida 1St Scene Tono 2 Porcelain Atenea,41567,2517.11,5713.19,39049.89,POR ENCIMA del general (+35853.81),Lista Subdistribuidor PC=1936.24; Lista Caribe Supermercados=4000; clientespremium=2517.11; Lista el SI=4000; Lista Supermercados=4000; Lista Cañaveral=4129.3
49,7709990627558,7709990627558,Set Lip & Blush Beauty Charm x6 Alma Beauty,60000,16065,0,43935,POR ENCIMA del general (+60000),Lista Caribe Supermercados=17189.55
2686,16434,16434,Set Brillo Con Llavero x6 Raymar,53430,8904.11,10833.33,44525.89,POR ENCIMA del general (+42596.67),clientespremium=8636.99; Lista Subdistribuidor PC=8013.7; Lista Caribe Supermercados=9349.32
2692,16436,16436,Set Brillo Honey Lip Gloss X 6,53430,8904.11,10833.33,44525.89,POR ENCIMA del general (+42596.67),clientespremium=8636.99; Lista Subdistribuidor PC=8013.7; Lista Caribe Supermercados=9349.32
1504,7900083010589,7900083010589,Iluminador En Barra Flexible Alma Beauty,59142,13566.67,13566.67,45575.33,POR ENCIMA del general (+45575.33),clientespremium=13566.67
2667,16435,16435,Set Lip Gloss con llavero x6 Raymar,55716,9285.71,10833.33,46430.29,POR ENCIMA del general (+44882.67),clientespremium=9007.14; Lista Subdistribuidor PC=8357.14; Lista Caribe Supermercados=9750
2673,15970,15970,Set Brillo Con Llavero x6 Raymar,73974,12328.77,15000,61645.23,POR ENCIMA del general (+58974),clientespremium=11958.9; Lista Subdistribuidor PC=11095.89; Lista Caribe Supermercados=12945.21
